{
  "genre": {
    "Mandopop": {
      "x": 1.25,
      "y": 1.1263121337890625
    },
    "Latin": {
      "x": 0.9951683934652242,
      "y": 0.3228941040039062
    },
    "Latin Jazz": {
      "x": 0.9509405652950217,
      "y": 0.009367134094238281
    },
    "Death Metal/Black Metal": {
      "x": 1.0375409176862342,
      "y": 1.0990621337890625
    },
    "Dubstep": {
      "x": 0.9718521397736861,
      "y": 0.5603377685546875
    },
    "Easy Listening": {
      "x": 0.4862536114919841,
      "y": 0.14143504333496093
    },
    "Electronic": {
      "x": 0.7267380717175446,
      "y": 0.56459619140625
    },
    "Ambient": {
      "x": 0.5930821447271275,
      "y": -0.02855237579345703
    },
    "Alternative Folk": {
      "x": 0.4288593759417189,
      "y": 1.25
    },
    "Christian": {
      "x": 1.06455810546875,
      "y": 0.2824657551293234
    },
    "Soul": {
      "x": 1.0501274616532064,
      "y": 0.028977096557617186
    },
    "Singer/Songwriter": {
      "x": 0.29629955089425625,
      "y": 1.25
    },
    "R&B/Soul": {
      "x": 1.2365337728649348,
      "y": 0.037003387451171876
    },
    "Original Score": {
      "x": 0.23078422583172614,
      "y": 0.47922589111328123
    },
    "Old School Rap": {
      "x": 0.6127953230472517,
      "y": 0.12703402709960937
    },
    "Jungle/Drum'n'bass": {
      "x": 0.9285363663587873,
      "y": 0.5022074584960937
    },
    "Hip-Hop/Rap": {
      "x": 1.25,
      "y": -0.02033623504638672
    },
    "Hip Hop/Rap": {
      "x": 1.25,
      "y": 0.17575286865234374
    },
    "Hard Rock": {
      "x": 0.9246023356512174,
      "y": 1.25
    },
    "Glam Rock": {
      "x": 0.9126662251574554,
      "y": 1.25
    },
    "Indie Rock": {
      "x": 0.4263400718814037,
      "y": 1.25
    },
    "Rock": {
      "x": 0.7323013349807136,
      "y": 1.25
    },
    "Rock y Alternativo": {
      "x": 0.8892558584332811,
      "y": 1.25
    },
    "Prog-Rock/Art Rock": {
      "x": 1.0168154504053157,
      "y": 1.057087158203125
    },
    "Pop/Rock": {
      "x": 1.1977994619018202,
      "y": 0.721594482421875
    },
    "French Pop": {
      "x": 1.185802316251808,
      "y": 0.49033404541015624
    },
    "Pop": {
      "x": 1.25,
      "y": 0.7433896484375
    },
    "Crossover Jazz": {
      "x": 1.068274149439489,
      "y": -0.2140913543701172
    },
    "Vocal Jazz": {
      "x": 0.8755629713303098,
      "y": -0.054769519805908204
    },
    "Jazz": {
      "x": 1.0114761044101679,
      "y": -0.25
    },
    "Contemporary Jazz": {
      "x": 1.0490195293665623,
      "y": -0.22102804565429687
    },
    "Soundtrack": {
      "x": 0.15055744167463989,
      "y": 0.7582783203125
    },
    "Afrobeats": {
      "x": 0.8832738834038995,
      "y": 0.3345896606445313
    },
    "Reggae": {
      "x": 1.122116456726133,
      "y": -0.25
    },
    "Rap": {
      "x": 1.25,
      "y": 0.3002748413085938
    },
    "Punk": {
      "x": 0.7533735902468057,
      "y": 1.25
    },
    "New Wave": {
      "x": 0.7973935928271155,
      "y": 1.1624483642578125
    },
    "Electronica": {
      "x": 0.9334468418514947,
      "y": 0.80498583984375
    },
    "Dance": {
      "x": 0.5076584112448771,
      "y": 0.5602796630859375
    },
    "K-Pop": {
      "x": 1.25,
      "y": 0.5681358032226562
    },
    "Folk": {
      "x": 0.542167229500663,
      "y": 1.25
    },
    "Modern Dancehall": {
      "x": 1.0936232210929966,
      "y": -0.0050897216796875
    },
    "Alternative": {
      "x": 0.644677687289055,
      "y": 1.06309130859375
    },
    "Indie Pop": {
      "x": 1.1626199043590284,
      "y": 0.9387979736328125
    },
    "IDM/Experimental": {
      "x": 0.7957027953983847,
      "y": 0.776024169921875
    },
    "Metal": {
      "x": 1.0744296950337513,
      "y": 1.25
    },
    "Musicals": {
      "x": 0.1759585432974099,
      "y": 1.25
    },
    "New Age": {
      "x": 0.39289080510373975,
      "y": 1.0018720703125
    },
    "Anime": {
      "x": 1.25,
      "y": 1.25
    },
    "Contemporary R&B": {
      "x": 1.0538631428173215,
      "y": 0.12685749816894532
    },
    "Instrumental": {
      "x": 0.8661902785416165,
      "y": 1.0644283447265626
    },
    "Grunge": {
      "x": 0.7761725459747167,
      "y": 1.2236439208984375
    },
    "Fusion": {
      "x": 0.9206882576128556,
      "y": -0.18245719909667968
    },
    "Bollywood": {
      "x": 1.25,
      "y": 1.12108642578125
    },
    "Children's Music": {
      "x": 1.25,
      "y": 0.38758856201171876
    },
    "Funk": {
      "x": 0.9237766247476193,
      "y": 0.146014892578125
    },
    "Worldwide": {
      "x": 1.1867046006735174,
      "y": 1.25
    },
    "Afro-Beat": {
      "x": 1.1063202993159353,
      "y": 0.3380126953125
    },
    "Downtempo": {
      "x": 0.6722829997137174,
      "y": -0.20477135467529298
    },
    "Contemporary Folk": {
      "x": 0.3263402366822113,
      "y": 1.17367236328125
    },
    "J-Pop": {
      "x": 1.25,
      "y": 0.8980567016601563
    },
    "Country": {
      "x": 0.07941190302084589,
      "y": 1.25
    },
    "Japan": {
      "x": 0.9680724332509644,
      "y": -0.17329914855957032
    },
    "Afro-fusion": {
      "x": 1.0687205241984088,
      "y": 0.4290577392578125
    },
    "African Dancehall": {
      "x": 1.0193234832675386,
      "y": 0.3277713623046875
    },
    "Afro-Pop": {
      "x": 1.1509879102127532,
      "y": 0.3819349975585937
    },
    "Adult Alternative": {
      "x": 0.7805193438479388,
      "y": 1.25
    },
    "World": {
      "x": 1.25,
      "y": 0.5307491455078125
    },
    "Classical Crossover": {
      "x": 0.7137673652965284,
      "y": 0.025074501037597657
    },
    "Classical": {
      "x": 0.5393167052457509,
      "y": -0.1528416633605957
    },
    "Breakbeat": {
      "x": 0.8089865056390128,
      "y": 0.5197781982421875
    },
    "Brazilian": {
      "x": 1.0886288149032666,
      "y": 0.6536095581054687
    },
    "Hip-Hop": {
      "x": 1.25,
      "y": 0.30634213256835935
    },
    "House": {
      "x": 0.7120486694453653,
      "y": 0.496672119140625
    },
    "Holiday": {
      "x": 0.8362907623026157,
      "y": -0.25
    },
    "Techno": {
      "x": 1.0113906786779774,
      "y": 0.551944580078125
    },
    "Vocal": {
      "x": 0.62422749621429,
      "y": -0.25
    },
    "Video Game": {
      "x": 0.5607215049986439,
      "y": -0.235397216796875
    },
    "Urbano latino": {
      "x": 1.198176738036403,
      "y": 0.6822329711914062
    },
    "TV Soundtrack": {
      "x": 0.985740139261391,
      "y": -0.0761389102935791
    },
    "Trance": {
      "x": 0.8527587184335824,
      "y": 0.47691064453125
    },
    "Blues": {
      "x": 0.28319829869063406,
      "y": 1.11766064453125
    },
    "Unknown": {
      "x": 0.17334016360131205,
      "y": -0.029060355565881216
    }
  },
  "playlist": {
    "__unassigned__": {
      "x": 0.5043255139397393,
      "y": 0.4196495873323285
    },
    "A2E99275D36A633D": {
      "x": 0.8464811134674464,
      "y": 0.21030037390623982
    }
  }
}
